{
  "accuracy": 0.5998536942209217,
  "report": {
    "unripe": {
      "precision": 0.38783269961977185,
      "recall": 0.2749326145552561,
      "f1-score": 0.3217665615141956,
      "support": 371.0
    },
    "ripe": {
      "precision": 0.7594339622641509,
      "recall": 0.40759493670886077,
      "f1-score": 0.5304777594728172,
      "support": 395.0
    },
    "overripe": {
      "precision": 0.624439461883408,
      "recall": 0.9267886855241264,
      "f1-score": 0.7461486939048895,
      "support": 601.0
    },
    "accuracy": 0.5998536942209217,
    "macro avg": {
      "precision": 0.5905687079224436,
      "recall": 0.5364387455960812,
      "f1-score": 0.5327976716306341,
      "support": 1367.0
    },
    "weighted avg": {
      "precision": 0.599232233537091,
      "recall": 0.5998536942209217,
      "f1-score": 0.5686536023045852,
      "support": 1367.0
    }
  },
  "confusion_matrix": [
    [
      102,
      17,
      252
    ],
    [
      151,
      161,
      83
    ],
    [
      10,
      34,
      557
    ]
  ],
  "samples": 1367,
  "prefix": "apple/test",
  "bucket": "imagery"
}