{
  "accuracy": 0.2036613272311213,
  "report": {
    "unripe": {
      "precision": 0.4304635761589404,
      "recall": 0.1625,
      "f1-score": 0.23593466424682397,
      "support": 400.0
    },
    "ripe": {
      "precision": 0.022452504317789293,
      "recall": 0.03412073490813648,
      "f1-score": 0.027083333333333334,
      "support": 381.0
    },
    "overripe": {
      "precision": 0.3253012048192771,
      "recall": 0.35660377358490564,
      "f1-score": 0.3402340234023402,
      "support": 530.0
    },
    "accuracy": 0.2036613272311213,
    "macro avg": {
      "precision": 0.2594057617653356,
      "recall": 0.18440816949768069,
      "f1-score": 0.20108400699416584,
      "support": 1311.0
    },
    "weighted avg": {
      "precision": 0.2693741214056985,
      "recall": 0.2036613272311213,
      "f1-score": 0.21740400312888628,
      "support": 1311.0
    }
  },
  "confusion_matrix": [
    [
      65,
      292,
      43
    ],
    [
      19,
      13,
      349
    ],
    [
      67,
      274,
      189
    ]
  ],
  "samples": 1311,
  "prefix": "banana/test",
  "bucket": "imagery"
}