{
  "accuracy": 0.4564740307242136,
  "report": {
    "unripe": {
      "precision": 0.6162162162162163,
      "recall": 0.30727762803234504,
      "f1-score": 0.41007194244604317,
      "support": 371.0
    },
    "ripe": {
      "precision": 0.346,
      "recall": 0.8759493670886076,
      "f1-score": 0.4960573476702509,
      "support": 395.0
    },
    "overripe": {
      "precision": 0.9010989010989011,
      "recall": 0.27287853577371046,
      "f1-score": 0.41890166028097064,
      "support": 601.0
    },
    "accuracy": 0.4564740307242136,
    "macro avg": {
      "precision": 0.6211050391050391,
      "recall": 0.48536851029822103,
      "f1-score": 0.44167698346575496,
      "support": 1367.0
    },
    "weighted avg": {
      "precision": 0.6633845323896531,
      "recall": 0.4564740307242136,
      "f1-score": 0.43879973723927906,
      "support": 1367.0
    }
  },
  "confusion_matrix": [
    [
      114,
      250,
      7
    ],
    [
      38,
      346,
      11
    ],
    [
      33,
      404,
      164
    ]
  ],
  "samples": 1367,
  "prefix": "apple/test",
  "bucket": "imagery"
}