{
  "accuracy": 0.6159473299195318,
  "report": {
    "unripe": {
      "precision": 0.4626038781163435,
      "recall": 0.4501347708894879,
      "f1-score": 0.4562841530054645,
      "support": 371.0
    },
    "ripe": {
      "precision": 0.5670103092783505,
      "recall": 0.4177215189873418,
      "f1-score": 0.48104956268221577,
      "support": 395.0
    },
    "overripe": {
      "precision": 0.7132867132867133,
      "recall": 0.848585690515807,
      "f1-score": 0.7750759878419453,
      "support": 601.0
    },
    "accuracy": 0.6159473299195318,
    "macro avg": {
      "precision": 0.5809669668938025,
      "recall": 0.5721473267975455,
      "f1-score": 0.5708032345098751,
      "support": 1367.0
    },
    "weighted avg": {
      "precision": 0.6029849492548841,
      "recall": 0.6159473299195318,
      "f1-score": 0.6035966837728688,
      "support": 1367.0
    }
  },
  "confusion_matrix": [
    [
      167,
      54,
      150
    ],
    [
      175,
      165,
      55
    ],
    [
      19,
      72,
      510
    ]
  ],
  "samples": 1367,
  "prefix": "apple/test",
  "bucket": "imagery"
}