{
  "accuracy": 0.38454288407163056,
  "report": {
    "unripe": {
      "precision": 1.0,
      "recall": 0.018518518518518517,
      "f1-score": 0.03636363636363636,
      "support": 270.0
    },
    "ripe": {
      "precision": 0.0,
      "recall": 0.0,
      "f1-score": 0.0,
      "support": 388.0
    },
    "overripe": {
      "precision": 0.4278131634819533,
      "recall": 1.0,
      "f1-score": 0.5992565055762081,
      "support": 403.0
    },
    "accuracy": 0.38454288407163056,
    "macro avg": {
      "precision": 0.4759377211606511,
      "recall": 0.3395061728395062,
      "f1-score": 0.21187338064661485,
      "support": 1061.0
    },
    "weighted avg": {
      "precision": 0.416973331652429,
      "recall": 0.38454288407163056,
      "f1-score": 0.236869513256733,
      "support": 1061.0
    }
  },
  "confusion_matrix": [
    [
      5,
      114,
      151
    ],
    [
      0,
      0,
      388
    ],
    [
      0,
      0,
      403
    ]
  ],
  "samples": 1061,
  "prefix": "orange/test",
  "bucket": "imagery"
}