{
  "accuracy": 0.410933081998115,
  "report": {
    "unripe": {
      "precision": 0.5588235294117647,
      "recall": 0.2814814814814815,
      "f1-score": 0.37438423645320196,
      "support": 270.0
    },
    "ripe": {
      "precision": 0.39094650205761317,
      "recall": 0.7345360824742269,
      "f1-score": 0.5102954341987467,
      "support": 388.0
    },
    "overripe": {
      "precision": 0.3826530612244898,
      "recall": 0.18610421836228289,
      "f1-score": 0.25041736227045075,
      "support": 403.0
    },
    "accuracy": 0.410933081998115,
    "macro avg": {
      "precision": 0.44414103089795587,
      "recall": 0.4007072607726638,
      "f1-score": 0.3783656776407998,
      "support": 1061.0
    },
    "weighted avg": {
      "precision": 0.4305172284759658,
      "recall": 0.410933081998115,
      "f1-score": 0.3769995940683034,
      "support": 1061.0
    }
  },
  "confusion_matrix": [
    [
      76,
      171,
      23
    ],
    [
      5,
      285,
      98
    ],
    [
      55,
      273,
      75
    ]
  ],
  "samples": 1061,
  "prefix": "orange/test",
  "bucket": "imagery"
}